qwerty,b'26f00c113972744bd6fb60ee5521b7c2c8bb8665ab6cd98d991ae28a6312c2a2'
zxcvbn,b'00df9ae6c7561abb84008093d944daf605b2fe02bc5af3a06bae38af147e8539'
qwerty,b'6951fe0b1065652d76c366eef2ea2c45e575908ac04e02526b22d0314848539d'
zxcvbn,b'47d013373165a18dc0fe6c8625bc65bb9aa747815b6c364108220f5e749757aa'
asdfgh,b'24142e96e1a41ee5ee554298890f3958744c55b0cdf067f939f44f88bfe0f6fa'
qwerty,b'6951fe0b1065652d76c366eef2ea2c45e575908ac04e02526b22d0314848539d'
python,b'889b8bde2d1fa73c46ce08fabde15782c4d320fd7f98b45b4344f4ad3630b34d'
123456,b'3c85b664c1912f273ae40625be1fe06e746ba698068c9515634b5ba71e04c564'
456789,b'a043daf96e079218f4ec70c1ac7ca30b70b3fc9468f2f4342b06a975b233ecfa'
][poiu,b'3d3853c5b8e411de121826b4c2fa8c329f94cf47988cae3ba47547d1b39f571b'
"/.,mnb",b'f766a3697daa1acb62d390e9ca4ad0877e2a0f3fce9cebffc0259f263f4afad6'
"/.,mnb",b'f766a3697daa1acb62d390e9ca4ad0877e2a0f3fce9cebffc0259f263f4afad6'